,test,alg,acc,mcc,kap,auc,geo,iba,TN,FP,FN,TP,pr,re,f1,sp,pca,poly,ksel,exs,feats,tvars,imb,time
0,1,0,0.563,0.129,0.032,0.779,0.747,0.582,165,131,0,4,0.99,0.56,0.71,300,0,0,0,998,221,13,0,36.45
1,1,1,0.547,0.011,0.003,0.524,0.523,0.272,162,134,2,2,0.97,0.55,0.7,300,0,0,0,998,221,13,0,36.45
2,1,2,0.75,0.067,0.026,0.627,0.614,0.367,223,73,2,2,0.98,0.75,0.85,300,0,0,0,998,221,13,0,36.45
3,1,3,0.96,0.019,0.018,0.486,0.0,0.0,288,8,4,0,0.97,0.96,0.97,300,0,0,0,998,221,13,0,36.45
4,1,4,0.987,0.0,0.0,0.5,0.0,0.0,296,0,4,0,0.97,0.99,0.98,300,0,0,0,998,221,13,0,36.45
5,1,5,0.983,0.007,0.005,0.498,0.0,0.0,295,1,4,0,0.97,0.98,0.98,300,0,0,0,998,221,13,0,36.45
6,1,6,0.983,0.007,0.005,0.498,0.0,0.0,295,1,4,0,0.97,0.98,0.98,300,0,0,0,998,221,13,0,36.45
7,1,7,0.407,0.094,0.017,0.699,0.631,0.423,118,178,0,4,0.99,0.41,0.56,300,0,0,0,998,221,13,0,36.45
8,1,8,0.987,0.0,0.0,0.5,0.0,0.0,296,0,4,0,0.97,0.99,0.98,300,0,0,0,998,221,13,0,36.45
9,1,9,0.987,0.0,0.0,0.5,0.0,0.0,296,0,4,0,0.97,0.99,0.98,300,0,0,0,998,221,13,0,36.45
10,2,0,0.637,0.091,0.027,0.693,0.69,0.482,188,108,1,3,0.98,0.64,0.77,300,0,0,0,998,221,13,1,97.08
11,2,1,0.953,0.125,0.107,0.606,0.491,0.224,285,11,3,1,0.98,0.95,0.96,300,0,0,0,998,221,13,1,97.08
12,2,2,0.96,0.273,0.235,0.733,0.695,0.461,286,10,2,2,0.98,0.96,0.97,300,0,0,0,998,221,13,1,97.08
13,2,3,0.987,0.0,0.0,0.5,0.0,0.0,296,0,4,0,0.97,0.99,0.98,300,0,0,0,998,221,13,1,97.08
14,2,4,0.977,0.012,0.012,0.495,0.0,0.0,293,3,4,0,0.97,0.98,0.98,300,0,0,0,998,221,13,1,97.08
15,2,5,0.977,0.212,0.211,0.618,0.497,0.228,292,4,3,1,0.98,0.98,0.98,300,0,0,0,998,221,13,1,97.08
16,2,6,0.983,0.007,0.005,0.498,0.0,0.0,295,1,4,0,0.97,0.98,0.98,300,0,0,0,998,221,13,1,97.08
17,2,7,0.987,0.0,0.0,0.5,0.0,0.0,296,0,4,0,0.97,0.99,0.98,300,0,0,0,998,221,13,1,97.08
18,2,8,0.977,0.212,0.211,0.618,0.497,0.228,292,4,3,1,0.98,0.98,0.98,300,0,0,0,998,221,13,1,97.08
19,2,9,0.943,0.107,0.086,0.601,0.488,0.221,282,14,3,1,0.98,0.94,0.96,300,0,0,0,998,221,13,1,97.08
20,3,0,0.473,0.05,0.011,0.61,0.593,0.362,139,157,1,3,0.98,0.47,0.63,300,0,0,0,998,221,13,2,22.31
21,3,1,0.43,0.041,0.008,0.588,0.565,0.33,126,170,1,3,0.98,0.43,0.59,300,0,0,0,998,221,13,2,22.31
22,3,2,0.497,0.056,0.013,0.622,0.608,0.379,146,150,1,3,0.98,0.5,0.65,300,0,0,0,998,221,13,2,22.31
23,3,3,0.107,0.037,0.003,0.547,0.308,0.103,28,268,0,4,0.99,0.11,0.17,300,0,0,0,998,221,13,2,22.31
24,3,4,0.287,0.071,0.01,0.639,0.526,0.297,82,214,0,4,0.99,0.29,0.43,300,0,0,0,998,221,13,2,22.31
25,3,5,0.797,0.016,0.007,0.527,0.448,0.19,238,58,3,1,0.97,0.8,0.88,300,0,0,0,998,221,13,2,22.31
26,3,6,0.347,0.082,0.013,0.669,0.581,0.36,100,196,0,4,0.99,0.35,0.5,300,0,0,0,998,221,13,2,22.31
27,3,7,0.52,0.005,0.001,0.51,0.51,0.26,154,142,2,2,0.97,0.52,0.67,300,0,0,0,998,221,13,2,22.31
28,3,8,0.617,0.028,0.008,0.559,0.556,0.305,183,113,2,2,0.98,0.62,0.75,300,0,0,0,998,221,13,2,22.31
29,3,9,0.897,0.06,0.038,0.578,0.476,0.212,268,28,3,1,0.98,0.9,0.93,300,0,0,0,998,221,13,2,22.31
30,4,0,0.77,0.061,0.026,0.39,0.0,0.0,231,65,4,0,0.97,0.77,0.86,300,0,0,20,998,221,13,0,26.59
31,4,1,0.783,0.059,0.026,0.397,0.0,0.0,235,61,4,0,0.97,0.78,0.87,300,0,0,20,998,221,13,0,26.59
32,4,2,0.953,0.022,0.019,0.483,0.0,0.0,286,10,4,0,0.97,0.95,0.96,300,0,0,20,998,221,13,0,26.59
33,4,3,0.983,0.007,0.005,0.498,0.0,0.0,295,1,4,0,0.97,0.98,0.98,300,0,0,20,998,221,13,0,26.59
34,4,4,0.987,0.0,0.0,0.5,0.0,0.0,296,0,4,0,0.97,0.99,0.98,300,0,0,20,998,221,13,0,26.59
35,4,5,0.98,0.01,0.009,0.497,0.0,0.0,294,2,4,0,0.97,0.98,0.98,300,0,0,20,998,221,13,0,26.59
36,4,6,0.977,0.012,0.012,0.495,0.0,0.0,293,3,4,0,0.97,0.98,0.98,300,0,0,20,998,221,13,0,26.59
37,4,7,0.37,0.087,0.015,0.681,0.601,0.385,107,189,0,4,0.99,0.37,0.52,300,0,0,20,998,221,13,0,26.59
38,4,8,0.987,0.0,0.0,0.5,0.0,0.0,296,0,4,0,0.97,0.99,0.98,300,0,0,20,998,221,13,0,26.59
39,4,9,0.987,0.0,0.0,0.5,0.0,0.0,296,0,4,0,0.97,0.99,0.98,300,0,0,20,998,221,13,0,26.59
40,5,0,0.54,0.123,0.03,0.767,0.731,0.559,158,138,0,4,0.99,0.54,0.69,300,0,0,20,998,221,13,1,40.3
41,5,1,0.723,0.005,0.002,0.49,0.427,0.174,216,80,3,1,0.97,0.72,0.83,300,0,0,20,998,221,13,1,40.3
42,5,2,0.643,0.093,0.028,0.696,0.694,0.487,190,106,1,3,0.98,0.64,0.77,300,0,0,20,998,221,13,1,40.3
43,5,3,0.97,0.015,0.015,0.492,0.0,0.0,291,5,4,0,0.97,0.97,0.97,300,0,0,20,998,221,13,1,40.3
44,5,4,0.967,0.017,0.016,0.49,0.0,0.0,290,6,4,0,0.97,0.97,0.97,300,0,0,20,998,221,13,1,40.3
45,5,5,0.957,0.132,0.116,0.608,0.491,0.224,286,10,3,1,0.98,0.96,0.97,300,0,0,20,998,221,13,1,40.3
46,5,6,0.963,0.018,0.017,0.488,0.0,0.0,289,7,4,0,0.97,0.96,0.97,300,0,0,20,998,221,13,1,40.3
47,5,7,0.977,0.012,0.012,0.495,0.0,0.0,293,3,4,0,0.97,0.98,0.98,300,0,0,20,998,221,13,1,40.3
48,5,8,0.937,0.208,0.155,0.721,0.687,0.45,279,17,2,2,0.98,0.94,0.96,300,0,0,20,998,221,13,1,40.3
49,5,9,0.937,0.027,0.022,0.475,0.0,0.0,281,15,4,0,0.97,0.94,0.95,300,0,0,20,998,221,13,1,40.3
50,6,0,0.477,0.051,0.011,0.611,0.596,0.365,140,156,1,3,0.98,0.48,0.63,300,0,0,20,998,221,13,2,18.42
51,6,1,0.64,0.034,0.01,0.571,0.567,0.316,190,106,2,2,0.98,0.64,0.77,300,0,0,20,998,221,13,2,18.42
52,6,2,0.503,0.057,0.013,0.625,0.612,0.384,148,148,1,3,0.98,0.5,0.66,300,0,0,20,998,221,13,2,18.42
53,6,3,0.39,0.09,0.016,0.691,0.618,0.405,113,183,0,4,0.99,0.39,0.55,300,0,0,20,998,221,13,2,18.42
54,6,4,0.227,0.061,0.007,0.608,0.465,0.233,64,232,0,4,0.99,0.23,0.35,300,0,0,20,998,221,13,2,18.42
55,6,5,0.49,0.054,0.012,0.618,0.604,0.374,144,152,1,3,0.98,0.49,0.64,300,0,0,20,998,221,13,2,18.42
56,6,6,0.17,0.027,0.003,0.456,0.349,0.129,48,248,1,3,0.97,0.17,0.27,300,0,0,20,998,221,13,2,18.42
57,6,7,0.417,0.02,0.004,0.458,0.456,0.21,123,173,2,2,0.97,0.42,0.58,300,0,0,20,998,221,13,2,18.42
58,6,8,0.443,0.044,0.009,0.595,0.574,0.34,130,166,1,3,0.98,0.44,0.6,300,0,0,20,998,221,13,2,18.42
59,6,9,0.4,0.034,0.006,0.573,0.544,0.307,117,179,1,3,0.98,0.4,0.56,300,0,0,20,998,221,13,2,18.42
60,7,0,0.583,0.134,0.035,0.789,0.76,0.602,171,125,0,4,0.99,0.58,0.72,300,0,0,0,998,221,13,0,39.25
61,7,1,0.523,0.119,0.028,0.758,0.719,0.542,153,143,0,4,0.99,0.52,0.67,300,0,0,0,998,221,13,0,39.25
62,7,2,0.977,0.012,0.012,0.495,0.0,0.0,293,3,4,0,0.97,0.98,0.98,300,0,0,0,998,221,13,0,39.25
63,7,3,0.987,0.0,0.0,0.5,0.0,0.0,296,0,4,0,0.97,0.99,0.98,300,0,0,0,998,221,13,0,39.25
64,7,4,0.987,0.0,0.0,0.5,0.0,0.0,296,0,4,0,0.97,0.99,0.98,300,0,0,0,998,221,13,0,39.25
65,7,5,0.987,0.0,0.0,0.5,0.0,0.0,296,0,4,0,0.97,0.99,0.98,300,0,0,0,998,221,13,0,39.25
66,7,6,0.973,0.014,0.014,0.493,0.0,0.0,292,4,4,0,0.97,0.97,0.97,300,0,0,0,998,221,13,0,39.25
67,7,7,0.413,0.095,0.018,0.703,0.637,0.43,120,176,0,4,0.99,0.41,0.57,300,0,0,0,998,221,13,0,39.25
68,7,8,0.987,0.0,0.0,0.5,0.0,0.0,296,0,4,0,0.97,0.99,0.98,300,0,0,0,998,221,13,0,39.25
69,7,9,0.987,0.0,0.0,0.5,0.0,0.0,296,0,4,0,0.97,0.99,0.98,300,0,0,0,998,221,13,0,39.25
70,8,0,0.693,0.169,0.056,0.845,0.83,0.711,204,92,0,4,0.99,0.69,0.81,300,0,0,0,998,221,13,1,89.69
71,8,1,0.973,0.191,0.187,0.617,0.496,0.228,291,5,3,1,0.98,0.97,0.98,300,0,0,0,998,221,13,1,89.69
72,8,2,0.973,0.191,0.187,0.617,0.496,0.228,291,5,3,1,0.98,0.97,0.98,300,0,0,0,998,221,13,1,89.69
73,8,3,0.99,0.497,0.397,0.625,0.5,0.231,296,0,3,1,0.99,0.99,0.99,300,0,0,0,998,221,13,1,89.69
74,8,4,0.983,0.007,0.005,0.498,0.0,0.0,295,1,4,0,0.97,0.98,0.98,300,0,0,0,998,221,13,1,89.69
75,8,5,0.987,0.348,0.327,0.623,0.499,0.231,295,1,3,1,0.98,0.99,0.98,300,0,0,0,998,221,13,1,89.69
76,8,6,0.987,0.0,0.0,0.5,0.0,0.0,296,0,4,0,0.97,0.99,0.98,300,0,0,0,998,221,13,1,89.69
77,8,7,0.987,0.0,0.0,0.5,0.0,0.0,296,0,4,0,0.97,0.99,0.98,300,0,0,0,998,221,13,1,89.69
78,8,8,0.983,0.439,0.436,0.745,0.704,0.471,293,3,2,2,0.99,0.98,0.98,300,0,0,0,998,221,13,1,89.69
79,8,9,0.933,0.202,0.148,0.72,0.685,0.449,278,18,2,2,0.98,0.93,0.95,300,0,0,0,998,221,13,1,89.69
80,9,0,0.54,0.123,0.03,0.767,0.731,0.559,158,138,0,4,0.99,0.54,0.69,300,0,0,0,998,221,13,2,23.77
81,9,1,0.523,0.119,0.028,0.758,0.719,0.542,153,143,0,4,0.99,0.52,0.67,300,0,0,0,998,221,13,2,23.77
82,9,2,0.48,0.052,0.011,0.613,0.598,0.367,141,155,1,3,0.98,0.48,0.64,300,0,0,0,998,221,13,2,23.77
83,9,3,0.54,0.123,0.03,0.767,0.731,0.559,158,138,0,4,0.99,0.54,0.69,300,0,0,0,998,221,13,2,23.77
84,9,4,0.497,0.112,0.025,0.745,0.7,0.515,145,151,0,4,0.99,0.5,0.65,300,0,0,0,998,221,13,2,23.77
85,9,5,0.863,0.123,0.066,0.684,0.659,0.418,257,39,2,2,0.98,0.86,0.91,300,0,0,0,998,221,13,2,23.77
86,9,6,0.49,0.111,0.024,0.742,0.695,0.508,143,153,0,4,0.99,0.49,0.64,300,0,0,0,998,221,13,2,23.77
87,9,7,0.347,0.022,0.004,0.546,0.506,0.266,101,195,1,3,0.98,0.35,0.5,300,0,0,0,998,221,13,2,23.77
88,9,8,0.703,0.113,0.039,0.726,0.726,0.53,208,88,1,3,0.98,0.7,0.81,300,0,0,0,998,221,13,2,23.77
89,9,9,0.86,0.044,0.025,0.436,0.0,0.0,258,38,4,0,0.97,0.86,0.91,300,0,0,0,998,221,13,2,23.77
90,10,0,0.793,0.015,0.006,0.525,0.447,0.189,237,59,3,1,0.97,0.79,0.87,300,0,0,20,998,221,13,0,29.27
91,10,1,0.963,0.018,0.017,0.488,0.0,0.0,289,7,4,0,0.97,0.96,0.97,300,0,0,20,998,221,13,0,29.27
92,10,2,0.977,0.012,0.012,0.495,0.0,0.0,293,3,4,0,0.97,0.98,0.98,300,0,0,20,998,221,13,0,29.27
93,10,3,0.953,0.022,0.019,0.483,0.0,0.0,286,10,4,0,0.97,0.95,0.96,300,0,0,20,998,221,13,0,29.27
94,10,4,0.987,0.0,0.0,0.5,0.0,0.0,296,0,4,0,0.97,0.99,0.98,300,0,0,20,998,221,13,0,29.27
95,10,5,0.96,0.019,0.018,0.486,0.0,0.0,288,8,4,0,0.97,0.96,0.97,300,0,0,20,998,221,13,0,29.27
96,10,6,0.96,0.019,0.018,0.486,0.0,0.0,288,8,4,0,0.97,0.96,0.97,300,0,0,20,998,221,13,0,29.27
97,10,7,0.977,0.012,0.012,0.495,0.0,0.0,293,3,4,0,0.97,0.98,0.98,300,0,0,20,998,221,13,0,29.27
98,10,8,0.983,0.007,0.005,0.498,0.0,0.0,295,1,4,0,0.97,0.98,0.98,300,0,0,20,998,221,13,0,29.27
99,10,9,0.967,0.017,0.016,0.49,0.0,0.0,290,6,4,0,0.97,0.97,0.97,300,0,0,20,998,221,13,0,29.27
100,11,0,0.687,0.107,0.035,0.718,0.717,0.518,203,93,1,3,0.98,0.69,0.8,300,0,0,20,998,221,13,1,45.02
101,11,1,0.797,0.154,0.066,0.774,0.773,0.595,236,60,1,3,0.98,0.8,0.87,300,0,0,20,998,221,13,1,45.02
102,11,2,0.817,0.095,0.044,0.66,0.641,0.397,243,53,2,2,0.98,0.82,0.89,300,0,0,20,998,221,13,1,45.02
103,11,3,0.933,0.093,0.071,0.596,0.485,0.219,279,17,3,1,0.98,0.93,0.95,300,0,0,20,998,221,13,1,45.02
104,11,4,0.92,0.18,0.123,0.713,0.68,0.443,274,22,2,2,0.98,0.92,0.95,300,0,0,20,998,221,13,1,45.02
105,11,5,0.957,0.02,0.019,0.485,0.0,0.0,287,9,4,0,0.97,0.96,0.96,300,0,0,20,998,221,13,1,45.02
106,11,6,0.937,0.208,0.155,0.721,0.687,0.45,279,17,2,2,0.98,0.94,0.96,300,0,0,20,998,221,13,1,45.02
107,11,7,0.943,0.025,0.021,0.478,0.0,0.0,283,13,4,0,0.97,0.94,0.96,300,0,0,20,998,221,13,1,45.02
108,11,8,0.923,0.185,0.128,0.715,0.682,0.445,275,21,2,2,0.98,0.92,0.95,300,0,0,20,998,221,13,1,45.02
109,11,9,0.923,0.082,0.059,0.591,0.483,0.217,276,20,3,1,0.98,0.92,0.95,300,0,0,20,998,221,13,1,45.02
110,12,0,0.567,0.129,0.033,0.78,0.749,0.585,166,130,0,4,0.99,0.57,0.71,300,0,0,20,998,221,13,2,19.65
111,12,1,0.703,0.113,0.039,0.726,0.726,0.53,208,88,1,3,0.98,0.7,0.81,300,0,0,20,998,221,13,2,19.65
112,12,2,0.597,0.08,0.022,0.672,0.668,0.453,176,120,1,3,0.98,0.6,0.73,300,0,0,20,998,221,13,2,19.65
113,12,3,0.577,0.132,0.034,0.785,0.756,0.595,169,127,0,4,0.99,0.58,0.72,300,0,0,20,998,221,13,2,19.65
114,12,4,0.49,0.111,0.024,0.742,0.695,0.508,143,153,0,4,0.99,0.49,0.64,300,0,0,20,998,221,13,2,19.65
115,12,5,0.73,0.06,0.022,0.617,0.605,0.358,217,79,2,2,0.98,0.73,0.83,300,0,0,20,998,221,13,2,19.65
116,12,6,0.49,0.111,0.024,0.742,0.695,0.508,143,153,0,4,0.99,0.49,0.64,300,0,0,20,998,221,13,2,19.65
117,12,7,0.607,0.025,0.007,0.554,0.551,0.301,180,116,2,2,0.98,0.61,0.74,300,0,0,20,998,221,13,2,19.65
118,12,8,0.703,0.113,0.039,0.726,0.726,0.53,208,88,1,3,0.98,0.7,0.81,300,0,0,20,998,221,13,2,19.65
119,12,9,0.797,0.086,0.037,0.65,0.633,0.388,237,59,2,2,0.98,0.8,0.87,300,0,0,20,998,221,13,2,19.65
120,13,0,0.87,0.045,0.025,0.564,0.469,0.206,260,36,3,1,0.98,0.87,0.92,300,0,2,40,998,24976,13,0,25.25
121,13,1,0.877,0.048,0.028,0.568,0.47,0.207,262,34,3,1,0.98,0.88,0.92,300,0,2,40,998,24976,13,0,25.25
122,13,2,0.987,0.0,0.0,0.5,0.0,0.0,296,0,4,0,0.97,0.99,0.98,300,0,2,40,998,24976,13,0,25.25
123,13,3,0.983,0.007,0.005,0.498,0.0,0.0,295,1,4,0,0.97,0.98,0.98,300,0,2,40,998,24976,13,0,25.25
124,13,4,0.987,0.0,0.0,0.5,0.0,0.0,296,0,4,0,0.97,0.99,0.98,300,0,2,40,998,24976,13,0,25.25
125,13,5,0.967,0.017,0.016,0.49,0.0,0.0,290,6,4,0,0.97,0.97,0.97,300,0,2,40,998,24976,13,0,25.25
126,13,6,0.973,0.014,0.014,0.493,0.0,0.0,292,4,4,0,0.97,0.97,0.97,300,0,2,40,998,24976,13,0,25.25
127,13,7,0.907,0.067,0.045,0.583,0.478,0.214,271,25,3,1,0.98,0.91,0.94,300,0,2,40,998,24976,13,0,25.25
128,13,8,0.987,0.0,0.0,0.5,0.0,0.0,296,0,4,0,0.97,0.99,0.98,300,0,2,40,998,24976,13,0,25.25
129,13,9,0.977,0.012,0.012,0.495,0.0,0.0,293,3,4,0,0.97,0.98,0.98,300,0,2,40,998,24976,13,0,25.25
130,14,0,0.707,0.175,0.059,0.851,0.838,0.724,208,88,0,4,0.99,0.71,0.82,300,0,2,40,998,24976,13,1,40.84
131,14,1,0.843,0.184,0.091,0.797,0.796,0.627,250,46,1,3,0.98,0.84,0.9,300,0,2,40,998,24976,13,1,40.84
132,14,2,0.887,0.142,0.083,0.696,0.668,0.428,264,32,2,2,0.98,0.89,0.93,300,0,2,40,998,24976,13,1,40.84
133,14,3,0.957,0.02,0.019,0.485,0.0,0.0,287,9,4,0,0.97,0.96,0.96,300,0,2,40,998,24976,13,1,40.84
134,14,4,0.95,0.023,0.02,0.481,0.0,0.0,285,11,4,0,0.97,0.95,0.96,300,0,2,40,998,24976,13,1,40.84
135,14,5,0.98,0.24,0.24,0.62,0.497,0.229,293,3,3,1,0.98,0.98,0.98,300,0,2,40,998,24976,13,1,40.84
136,14,6,0.943,0.107,0.086,0.601,0.488,0.221,282,14,3,1,0.98,0.94,0.96,300,0,2,40,998,24976,13,1,40.84
137,14,7,0.98,0.01,0.009,0.497,0.0,0.0,294,2,4,0,0.97,0.98,0.98,300,0,2,40,998,24976,13,1,40.84
138,14,8,0.957,0.261,0.219,0.731,0.694,0.459,285,11,2,2,0.98,0.96,0.97,300,0,2,40,998,24976,13,1,40.84
139,14,9,0.94,0.102,0.08,0.6,0.487,0.221,281,15,3,1,0.98,0.94,0.96,300,0,2,40,998,24976,13,1,40.84
140,15,0,0.547,0.068,0.017,0.647,0.639,0.416,161,135,1,3,0.98,0.55,0.69,300,0,2,40,998,24976,13,2,19.39
141,15,1,0.273,0.059,0.008,0.385,0.368,0.138,80,216,2,2,0.96,0.27,0.42,300,0,2,40,998,24976,13,2,19.39
142,15,2,0.18,0.024,0.002,0.461,0.359,0.137,51,245,1,3,0.97,0.18,0.29,300,0,2,40,998,24976,13,2,19.39
143,15,3,0.22,0.01,0.001,0.481,0.4,0.168,63,233,1,3,0.97,0.22,0.35,300,0,2,40,998,24976,13,2,19.39
144,15,4,0.273,0.122,0.018,0.262,0.262,0.068,81,215,3,1,0.95,0.27,0.42,300,0,2,40,998,24976,13,2,19.39
145,15,5,0.47,0.12,0.027,0.238,0.0,0.0,141,155,4,0,0.96,0.47,0.63,300,0,2,40,998,24976,13,2,19.39
146,15,6,0.28,0.07,0.01,0.635,0.52,0.29,80,216,0,4,0.99,0.28,0.42,300,0,2,40,998,24976,13,2,19.39
147,15,7,0.467,0.049,0.01,0.606,0.589,0.357,137,159,1,3,0.98,0.47,0.62,300,0,2,40,998,24976,13,2,19.39
148,15,8,0.267,0.068,0.009,0.628,0.507,0.276,76,220,0,4,0.99,0.27,0.4,300,0,2,40,998,24976,13,2,19.39
149,15,9,0.34,0.039,0.007,0.419,0.411,0.172,100,196,2,2,0.97,0.34,0.5,300,0,2,40,998,24976,13,2,19.39
150,16,0,0.873,0.047,0.027,0.566,0.47,0.207,261,35,3,1,0.98,0.87,0.92,300,0,2,80,998,24976,13,0,29.04
151,16,1,0.927,0.029,0.022,0.47,0.0,0.0,278,18,4,0,0.97,0.93,0.95,300,0,2,80,998,24976,13,0,29.04
152,16,2,0.197,0.018,0.002,0.47,0.377,0.15,56,240,1,3,0.97,0.2,0.31,300,0,2,80,998,24976,13,0,29.04
153,16,3,0.977,0.012,0.012,0.495,0.0,0.0,293,3,4,0,0.97,0.98,0.98,300,0,2,80,998,24976,13,0,29.04
154,16,4,0.983,0.007,0.005,0.498,0.0,0.0,295,1,4,0,0.97,0.98,0.98,300,0,2,80,998,24976,13,0,29.04
155,16,5,0.987,0.0,0.0,0.5,0.0,0.0,296,0,4,0,0.97,0.99,0.98,300,0,2,80,998,24976,13,0,29.04
156,16,6,0.97,0.015,0.015,0.492,0.0,0.0,291,5,4,0,0.97,0.97,0.97,300,0,2,80,998,24976,13,0,29.04
157,16,7,0.963,0.15,0.138,0.611,0.493,0.226,288,8,3,1,0.98,0.96,0.97,300,0,2,80,998,24976,13,0,29.04
158,16,8,0.987,0.0,0.0,0.5,0.0,0.0,296,0,4,0,0.97,0.99,0.98,300,0,2,80,998,24976,13,0,29.04
159,16,9,0.97,0.015,0.015,0.492,0.0,0.0,291,5,4,0,0.97,0.97,0.97,300,0,2,80,998,24976,13,0,29.04
160,17,0,0.787,0.149,0.062,0.769,0.768,0.588,233,63,1,3,0.98,0.79,0.87,300,0,2,80,998,24976,13,1,50.79
161,17,1,0.95,0.24,0.194,0.728,0.691,0.456,283,13,2,2,0.98,0.95,0.96,300,0,2,80,998,24976,13,1,50.79
162,17,2,0.92,0.18,0.123,0.713,0.68,0.443,274,22,2,2,0.98,0.92,0.95,300,0,2,80,998,24976,13,1,50.79
163,17,3,0.97,0.015,0.015,0.492,0.0,0.0,291,5,4,0,0.97,0.97,0.97,300,0,2,80,998,24976,13,1,50.79
164,17,4,0.963,0.287,0.252,0.735,0.696,0.462,287,9,2,2,0.98,0.96,0.97,300,0,2,80,998,24976,13,1,50.79
165,17,5,0.98,0.24,0.24,0.62,0.497,0.229,293,3,3,1,0.98,0.98,0.98,300,0,2,80,998,24976,13,1,50.79
166,17,6,0.987,0.0,0.0,0.5,0.0,0.0,296,0,4,0,0.97,0.99,0.98,300,0,2,80,998,24976,13,1,50.79
167,17,7,0.983,0.007,0.005,0.498,0.0,0.0,295,1,4,0,0.97,0.98,0.98,300,0,2,80,998,24976,13,1,50.79
168,17,8,0.957,0.132,0.116,0.608,0.491,0.224,286,10,3,1,0.98,0.96,0.97,300,0,2,80,998,24976,13,1,50.79
169,17,9,0.95,0.118,0.099,0.605,0.49,0.223,284,12,3,1,0.98,0.95,0.96,300,0,2,80,998,24976,13,1,50.79
170,18,0,0.8,0.156,0.068,0.775,0.775,0.597,237,59,1,3,0.98,0.8,0.88,300,0,2,80,998,24976,13,2,20.26
171,18,1,0.41,0.079,0.015,0.331,0.321,0.101,122,174,3,1,0.96,0.41,0.57,300,0,2,80,998,24976,13,2,20.26
172,18,2,0.48,0.109,0.023,0.736,0.688,0.498,140,156,0,4,0.99,0.48,0.63,300,0,2,80,998,24976,13,2,20.26
173,18,3,0.59,0.036,0.01,0.422,0.386,0.144,176,120,3,1,0.97,0.59,0.73,300,0,2,80,998,24976,13,2,20.26
174,18,4,0.133,0.043,0.004,0.561,0.349,0.132,36,260,0,4,0.99,0.13,0.21,300,0,2,80,998,24976,13,2,20.26
175,18,5,0.44,0.043,0.009,0.593,0.572,0.337,129,167,1,3,0.98,0.44,0.6,300,0,2,80,998,24976,13,2,20.26
176,18,6,0.037,0.15,0.006,0.389,0.142,0.022,8,288,1,3,0.88,0.04,0.05,300,0,2,80,998,24976,13,2,20.26
177,18,7,0.6,0.024,0.007,0.551,0.548,0.298,178,118,2,2,0.98,0.6,0.74,300,0,2,80,998,24976,13,2,20.26
178,18,8,0.45,0.045,0.009,0.598,0.578,0.345,132,164,1,3,0.98,0.45,0.61,300,0,2,80,998,24976,13,2,20.26
179,18,9,0.347,0.037,0.006,0.422,0.415,0.175,102,194,2,2,0.97,0.35,0.5,300,0,2,80,998,24976,13,2,20.26
180,19,0,0.927,0.085,0.063,0.593,0.484,0.218,277,19,3,1,0.98,0.93,0.95,300,80,2,40,998,24976,13,0,25.28
181,19,1,0.893,0.058,0.036,0.576,0.475,0.211,267,29,3,1,0.98,0.89,0.93,300,80,2,40,998,24976,13,0,25.28
182,19,2,0.69,0.108,0.036,0.72,0.719,0.52,204,92,1,3,0.98,0.69,0.8,300,80,2,40,998,24976,13,0,25.28
183,19,3,0.987,0.0,0.0,0.5,0.0,0.0,296,0,4,0,0.97,0.99,0.98,300,80,2,40,998,24976,13,0,25.28
184,19,4,0.987,0.0,0.0,0.5,0.0,0.0,296,0,4,0,0.97,0.99,0.98,300,80,2,40,998,24976,13,0,25.28
185,19,5,0.983,0.28,0.277,0.622,0.498,0.23,294,2,3,1,0.98,0.98,0.98,300,80,2,40,998,24976,13,0,25.28
186,19,6,0.98,0.01,0.009,0.497,0.0,0.0,294,2,4,0,0.97,0.98,0.98,300,80,2,40,998,24976,13,0,25.28
187,19,7,0.49,0.111,0.024,0.742,0.695,0.508,143,153,0,4,0.99,0.49,0.64,300,80,2,40,998,24976,13,0,25.28
188,19,8,0.987,0.0,0.0,0.5,0.0,0.0,296,0,4,0,0.97,0.99,0.98,300,80,2,40,998,24976,13,0,25.28
189,19,9,0.987,0.0,0.0,0.5,0.0,0.0,296,0,4,0,0.97,0.99,0.98,300,80,2,40,998,24976,13,0,25.28
190,20,0,0.987,0.0,0.0,0.5,0.0,0.0,296,0,4,0,0.97,0.99,0.98,300,80,2,40,998,24976,13,1,40.21
191,20,1,0.967,0.302,0.272,0.736,0.697,0.463,288,8,2,2,0.98,0.97,0.97,300,80,2,40,998,24976,13,1,40.21
192,20,2,0.987,0.348,0.327,0.623,0.499,0.231,295,1,3,1,0.98,0.99,0.98,300,80,2,40,998,24976,13,1,40.21
193,20,3,0.987,0.0,0.0,0.5,0.0,0.0,296,0,4,0,0.97,0.99,0.98,300,80,2,40,998,24976,13,1,40.21
194,20,4,0.987,0.0,0.0,0.5,0.0,0.0,296,0,4,0,0.97,0.99,0.98,300,80,2,40,998,24976,13,1,40.21
195,20,5,0.99,0.497,0.397,0.625,0.5,0.231,296,0,3,1,0.99,0.99,0.99,300,80,2,40,998,24976,13,1,40.21
196,20,6,0.987,0.0,0.0,0.5,0.0,0.0,296,0,4,0,0.97,0.99,0.98,300,80,2,40,998,24976,13,1,40.21
197,20,7,0.987,0.0,0.0,0.5,0.0,0.0,296,0,4,0,0.97,0.99,0.98,300,80,2,40,998,24976,13,1,40.21
198,20,8,0.983,0.439,0.436,0.745,0.704,0.471,293,3,2,2,0.99,0.98,0.98,300,80,2,40,998,24976,13,1,40.21
199,20,9,0.963,0.403,0.339,0.858,0.851,0.709,286,10,1,3,0.99,0.96,0.97,300,80,2,40,998,24976,13,1,40.21
200,21,0,0.013,0.0,0.0,0.5,0.0,0.0,0,296,0,4,0.0,0.01,0.0,300,80,2,40,998,24976,13,2,18.8
201,21,1,0.497,0.057,0.013,0.375,0.354,0.122,148,148,3,1,0.97,0.5,0.65,300,80,2,40,998,24976,13,2,18.8
202,21,2,0.797,0.086,0.037,0.65,0.633,0.388,237,59,2,2,0.98,0.8,0.87,300,80,2,40,998,24976,13,2,18.8
203,21,3,0.253,0.066,0.009,0.375,0.354,0.128,74,222,2,2,0.96,0.25,0.39,300,80,2,40,998,24976,13,2,18.8
204,21,4,0.26,0.067,0.009,0.625,0.5,0.269,74,222,0,4,0.99,0.26,0.4,300,80,2,40,998,24976,13,2,18.8
205,21,5,0.557,0.044,0.011,0.405,0.374,0.136,166,130,3,1,0.97,0.56,0.7,300,80,2,40,998,24976,13,2,18.8
206,21,6,0.297,0.073,0.011,0.644,0.536,0.308,85,211,0,4,0.99,0.3,0.44,300,80,2,40,998,24976,13,2,18.8
207,21,7,0.513,0.06,0.014,0.63,0.619,0.392,151,145,1,3,0.98,0.51,0.67,300,80,2,40,998,24976,13,2,18.8
208,21,8,0.513,0.054,0.013,0.383,0.359,0.126,153,143,3,1,0.97,0.51,0.67,300,80,2,40,998,24976,13,2,18.8
209,21,9,0.557,0.127,0.032,0.775,0.742,0.575,163,133,0,4,0.99,0.56,0.7,300,80,2,40,998,24976,13,2,18.8
210,22,0,0.897,0.06,0.038,0.578,0.476,0.212,268,28,3,1,0.98,0.9,0.93,300,80,2,80,998,24976,13,0,29.25
211,22,1,0.933,0.202,0.148,0.72,0.685,0.449,278,18,2,2,0.98,0.93,0.95,300,80,2,80,998,24976,13,0,29.25
212,22,2,0.967,0.017,0.016,0.49,0.0,0.0,290,6,4,0,0.97,0.97,0.97,300,80,2,80,998,24976,13,0,29.25
213,22,3,0.987,0.0,0.0,0.5,0.0,0.0,296,0,4,0,0.97,0.99,0.98,300,80,2,80,998,24976,13,0,29.25
214,22,4,0.987,0.0,0.0,0.5,0.0,0.0,296,0,4,0,0.97,0.99,0.98,300,80,2,80,998,24976,13,0,29.25
215,22,5,0.987,0.348,0.327,0.623,0.499,0.231,295,1,3,1,0.98,0.99,0.98,300,80,2,80,998,24976,13,0,29.25
216,22,6,0.967,0.017,0.016,0.49,0.0,0.0,290,6,4,0,0.97,0.97,0.97,300,80,2,80,998,24976,13,0,29.25
217,22,7,0.45,0.102,0.021,0.721,0.665,0.467,131,165,0,4,0.99,0.45,0.61,300,80,2,80,998,24976,13,0,29.25
218,22,8,0.99,0.497,0.397,0.625,0.5,0.231,296,0,3,1,0.99,0.99,0.99,300,80,2,80,998,24976,13,0,29.25
219,22,9,0.987,0.348,0.327,0.623,0.499,0.231,295,1,3,1,0.98,0.99,0.98,300,80,2,80,998,24976,13,0,29.25
220,23,0,0.987,0.0,0.0,0.5,0.0,0.0,296,0,4,0,0.97,0.99,0.98,300,80,2,80,998,24976,13,1,47.25
221,23,1,0.97,0.32,0.295,0.738,0.699,0.465,289,7,2,2,0.98,0.97,0.98,300,80,2,80,998,24976,13,1,47.25
222,23,2,0.98,0.24,0.24,0.62,0.497,0.229,293,3,3,1,0.98,0.98,0.98,300,80,2,80,998,24976,13,1,47.25
223,23,3,0.987,0.0,0.0,0.5,0.0,0.0,296,0,4,0,0.97,0.99,0.98,300,80,2,80,998,24976,13,1,47.25
224,23,4,0.987,0.0,0.0,0.5,0.0,0.0,296,0,4,0,0.97,0.99,0.98,300,80,2,80,998,24976,13,1,47.25
225,23,5,0.99,0.497,0.397,0.625,0.5,0.231,296,0,3,1,0.99,0.99,0.99,300,80,2,80,998,24976,13,1,47.25
226,23,6,0.987,0.0,0.0,0.5,0.0,0.0,296,0,4,0,0.97,0.99,0.98,300,80,2,80,998,24976,13,1,47.25
227,23,7,0.987,0.0,0.0,0.5,0.0,0.0,296,0,4,0,0.97,0.99,0.98,300,80,2,80,998,24976,13,1,47.25
228,23,8,0.987,0.493,0.493,0.747,0.705,0.472,294,2,2,2,0.99,0.99,0.99,300,80,2,80,998,24976,13,1,47.25
229,23,9,0.957,0.373,0.301,0.855,0.848,0.705,284,12,1,3,0.99,0.96,0.97,300,80,2,80,998,24976,13,1,47.25
230,24,0,0.013,0.0,0.0,0.5,0.0,0.0,0,296,0,4,0.0,0.01,0.0,300,80,2,80,998,24976,13,2,24.99
231,24,1,0.463,0.105,0.022,0.728,0.675,0.481,135,161,0,4,0.99,0.46,0.62,300,80,2,80,998,24976,13,2,24.99
232,24,2,0.517,0.004,0.001,0.508,0.508,0.258,153,143,2,2,0.97,0.52,0.67,300,80,2,80,998,24976,13,2,24.99
233,24,3,0.44,0.014,0.003,0.47,0.469,0.221,130,166,2,2,0.97,0.44,0.6,300,80,2,80,998,24976,13,2,24.99
234,24,4,0.287,0.071,0.01,0.639,0.526,0.297,82,214,0,4,0.99,0.29,0.43,300,80,2,80,998,24976,13,2,24.99
235,24,5,0.487,0.06,0.014,0.37,0.35,0.12,145,151,3,1,0.97,0.49,0.64,300,80,2,80,998,24976,13,2,24.99
236,24,6,0.347,0.082,0.013,0.669,0.581,0.36,100,196,0,4,0.99,0.35,0.5,300,80,2,80,998,24976,13,2,24.99
237,24,7,0.49,0.054,0.012,0.618,0.604,0.374,144,152,1,3,0.98,0.49,0.64,300,80,2,80,998,24976,13,2,24.99
238,24,8,0.42,0.039,0.007,0.583,0.558,0.322,123,173,1,3,0.98,0.42,0.58,300,80,2,80,998,24976,13,2,24.99
239,24,9,0.663,0.1,0.031,0.706,0.705,0.501,196,100,1,3,0.98,0.66,0.79,300,80,2,80,998,24976,13,2,24.99
240,24,10,0.87,0.045,0.025,0.564,0.469,0.206,260,36,3,1,0.98,0.87,0.92,300,0,2,40,998,25425,13,0,24.99
241,24,11,0.877,0.048,0.028,0.568,0.47,0.207,262,34,3,1,0.98,0.88,0.92,300,0,2,40,998,25425,13,0,24.99
242,24,12,0.987,0.0,0.0,0.5,0.0,0.0,296,0,4,0,0.97,0.99,0.98,300,0,2,40,998,25425,13,0,24.99
243,24,13,0.983,0.007,0.005,0.498,0.0,0.0,295,1,4,0,0.97,0.98,0.98,300,0,2,40,998,25425,13,0,24.99
244,24,14,0.983,0.007,0.005,0.498,0.0,0.0,295,1,4,0,0.97,0.98,0.98,300,0,2,40,998,25425,13,0,24.99
245,24,15,0.983,0.007,0.005,0.498,0.0,0.0,295,1,4,0,0.97,0.98,0.98,300,0,2,40,998,25425,13,0,24.99
246,24,16,0.967,0.017,0.016,0.49,0.0,0.0,290,6,4,0,0.97,0.97,0.97,300,0,2,40,998,25425,13,0,24.99
247,24,17,0.907,0.067,0.045,0.583,0.478,0.214,271,25,3,1,0.98,0.91,0.94,300,0,2,40,998,25425,13,0,24.99
248,24,18,0.987,0.0,0.0,0.5,0.0,0.0,296,0,4,0,0.97,0.99,0.98,300,0,2,40,998,25425,13,0,24.99
249,24,19,0.977,0.012,0.012,0.495,0.0,0.0,293,3,4,0,0.97,0.98,0.98,300,0,2,40,998,25425,13,0,24.99
250,25,0,0.76,0.136,0.053,0.755,0.755,0.57,225,71,1,3,0.98,0.76,0.85,300,0,2,40,998,25425,13,1,42.92
251,25,1,0.917,0.175,0.118,0.711,0.679,0.442,273,23,2,2,0.98,0.92,0.95,300,0,2,40,998,25425,13,1,42.92
252,25,2,0.897,0.238,0.142,0.824,0.821,0.664,266,30,1,3,0.98,0.9,0.93,300,0,2,40,998,25425,13,1,42.92
253,25,3,0.957,0.02,0.019,0.485,0.0,0.0,287,9,4,0,0.97,0.96,0.96,300,0,2,40,998,25425,13,1,42.92
254,25,4,0.95,0.023,0.02,0.481,0.0,0.0,285,11,4,0,0.97,0.95,0.96,300,0,2,40,998,25425,13,1,42.92
255,25,5,0.973,0.191,0.187,0.617,0.496,0.228,291,5,3,1,0.98,0.97,0.98,300,0,2,40,998,25425,13,1,42.92
256,25,6,0.967,0.017,0.016,0.49,0.0,0.0,290,6,4,0,0.97,0.97,0.97,300,0,2,40,998,25425,13,1,42.92
257,25,7,0.98,0.01,0.009,0.497,0.0,0.0,294,2,4,0,0.97,0.98,0.98,300,0,2,40,998,25425,13,1,42.92
258,25,8,0.927,0.19,0.134,0.716,0.683,0.446,276,20,2,2,0.98,0.93,0.95,300,0,2,40,998,25425,13,1,42.92
259,25,9,0.94,0.102,0.08,0.6,0.487,0.221,281,15,3,1,0.98,0.94,0.96,300,0,2,40,998,25425,13,1,42.92
260,26,0,0.44,0.071,0.015,0.346,0.333,0.109,131,165,3,1,0.96,0.44,0.6,300,0,2,40,998,25425,13,2,18.56
261,26,1,0.533,0.049,0.012,0.394,0.366,0.13,159,137,3,1,0.97,0.53,0.69,300,0,2,40,998,25425,13,2,18.56
262,26,2,0.073,0.085,0.005,0.407,0.219,0.051,19,277,1,3,0.94,0.07,0.12,300,0,2,40,998,25425,13,2,18.56
263,26,3,0.327,0.079,0.012,0.659,0.564,0.339,94,202,0,4,0.99,0.33,0.48,300,0,2,40,998,25425,13,2,18.56
264,26,4,0.283,0.007,0.001,0.514,0.456,0.218,82,214,1,3,0.97,0.28,0.43,300,0,2,40,998,25425,13,2,18.56
265,26,5,0.493,0.055,0.012,0.62,0.606,0.377,145,151,1,3,0.98,0.49,0.65,300,0,2,40,998,25425,13,2,18.56
266,26,6,0.27,0.185,0.027,0.137,0.0,0.0,81,215,4,0,0.94,0.27,0.42,300,0,2,40,998,25425,13,2,18.56
267,26,7,0.4,0.034,0.006,0.573,0.544,0.307,117,179,1,3,0.98,0.4,0.56,300,0,2,40,998,25425,13,2,18.56
268,26,8,0.507,0.115,0.026,0.75,0.707,0.525,148,148,0,4,0.99,0.51,0.66,300,0,2,40,998,25425,13,2,18.56
269,26,9,0.217,0.059,0.007,0.603,0.454,0.222,61,235,0,4,0.99,0.22,0.34,300,0,2,40,998,25425,13,2,18.56
270,27,0,0.873,0.047,0.027,0.566,0.47,0.207,261,35,3,1,0.98,0.87,0.92,300,0,2,80,998,25425,13,0,28.09
271,27,1,0.98,0.01,0.009,0.497,0.0,0.0,294,2,4,0,0.97,0.98,0.98,300,0,2,80,998,25425,13,0,28.09
272,27,2,0.977,0.012,0.012,0.495,0.0,0.0,293,3,4,0,0.97,0.98,0.98,300,0,2,80,998,25425,13,0,28.09
273,27,3,0.963,0.018,0.017,0.488,0.0,0.0,289,7,4,0,0.97,0.96,0.97,300,0,2,80,998,25425,13,0,28.09
274,27,4,0.987,0.0,0.0,0.5,0.0,0.0,296,0,4,0,0.97,0.99,0.98,300,0,2,80,998,25425,13,0,28.09
275,27,5,0.987,0.0,0.0,0.5,0.0,0.0,296,0,4,0,0.97,0.99,0.98,300,0,2,80,998,25425,13,0,28.09
276,27,6,0.983,0.007,0.005,0.498,0.0,0.0,295,1,4,0,0.97,0.98,0.98,300,0,2,80,998,25425,13,0,28.09
277,27,7,0.963,0.15,0.138,0.611,0.493,0.226,288,8,3,1,0.98,0.96,0.97,300,0,2,80,998,25425,13,0,28.09
278,27,8,0.987,0.0,0.0,0.5,0.0,0.0,296,0,4,0,0.97,0.99,0.98,300,0,2,80,998,25425,13,0,28.09
279,27,9,0.97,0.015,0.015,0.492,0.0,0.0,291,5,4,0,0.97,0.97,0.97,300,0,2,80,998,25425,13,0,28.09
280,28,0,0.74,0.19,0.069,0.868,0.858,0.756,218,78,0,4,0.99,0.74,0.84,300,0,2,80,998,25425,13,1,51.22
281,28,1,0.92,0.18,0.123,0.713,0.68,0.443,274,22,2,2,0.98,0.92,0.95,300,0,2,80,998,25425,13,1,51.22
282,28,2,0.9,0.063,0.04,0.579,0.477,0.212,269,27,3,1,0.98,0.9,0.94,300,0,2,80,998,25425,13,1,51.22
283,28,3,0.963,0.15,0.138,0.611,0.493,0.226,288,8,3,1,0.98,0.96,0.97,300,0,2,80,998,25425,13,1,51.22
284,28,4,0.967,0.161,0.152,0.613,0.494,0.226,289,7,3,1,0.98,0.97,0.97,300,0,2,80,998,25425,13,1,51.22
285,28,5,0.98,0.399,0.39,0.743,0.702,0.469,292,4,2,2,0.98,0.98,0.98,300,0,2,80,998,25425,13,1,51.22
286,28,6,0.98,0.01,0.009,0.497,0.0,0.0,294,2,4,0,0.97,0.98,0.98,300,0,2,80,998,25425,13,1,51.22
287,28,7,0.977,0.212,0.211,0.618,0.497,0.228,292,4,3,1,0.98,0.98,0.98,300,0,2,80,998,25425,13,1,51.22
288,28,8,0.953,0.125,0.107,0.606,0.491,0.224,285,11,3,1,0.98,0.95,0.96,300,0,2,80,998,25425,13,1,51.22
289,28,9,0.93,0.028,0.022,0.471,0.0,0.0,279,17,4,0,0.97,0.93,0.95,300,0,2,80,998,25425,13,1,51.22
290,29,0,0.573,0.074,0.019,0.66,0.654,0.436,169,127,1,3,0.98,0.57,0.72,300,0,2,80,998,25425,13,2,20.01
291,29,1,0.463,0.009,0.002,0.481,0.481,0.232,137,159,2,2,0.97,0.46,0.62,300,0,2,80,998,25425,13,2,20.01
292,29,2,0.327,0.017,0.003,0.535,0.491,0.251,95,201,1,3,0.98,0.33,0.48,300,0,2,80,998,25425,13,2,20.01
293,29,3,0.243,0.004,0.0,0.493,0.421,0.186,70,226,1,3,0.97,0.24,0.38,300,0,2,80,998,25425,13,2,20.01
294,29,4,0.15,0.114,0.011,0.323,0.27,0.075,43,253,2,2,0.94,0.15,0.25,300,0,2,80,998,25425,13,2,20.01
295,29,5,0.443,0.013,0.003,0.471,0.47,0.223,131,165,2,2,0.97,0.44,0.6,300,0,2,80,998,25425,13,2,20.01
296,29,6,0.037,0.15,0.006,0.389,0.142,0.022,8,288,1,3,0.88,0.04,0.05,300,0,2,80,998,25425,13,2,20.01
297,29,7,0.407,0.036,0.007,0.576,0.549,0.312,119,177,1,3,0.98,0.41,0.56,300,0,2,80,998,25425,13,2,20.01
298,29,8,0.2,0.056,0.006,0.595,0.435,0.205,56,240,0,4,0.99,0.2,0.31,300,0,2,80,998,25425,13,2,20.01
299,29,9,0.21,0.013,0.002,0.476,0.39,0.16,60,236,1,3,0.97,0.21,0.33,300,0,2,80,998,25425,13,2,20.01
300,30,0,0.923,0.082,0.059,0.591,0.483,0.217,276,20,3,1,0.98,0.92,0.95,300,80,2,40,998,25425,13,0,25.13
301,30,1,0.893,0.058,0.036,0.576,0.475,0.211,267,29,3,1,0.98,0.89,0.93,300,80,2,40,998,25425,13,0,25.13
302,30,2,0.737,0.062,0.023,0.62,0.608,0.361,219,77,2,2,0.98,0.74,0.84,300,80,2,40,998,25425,13,0,25.13
303,30,3,0.99,0.572,0.566,0.748,0.706,0.474,295,1,2,2,0.99,0.99,0.99,300,80,2,40,998,25425,13,0,25.13
304,30,4,0.987,0.0,0.0,0.5,0.0,0.0,296,0,4,0,0.97,0.99,0.98,300,80,2,40,998,25425,13,0,25.13
305,30,5,0.983,0.28,0.277,0.622,0.498,0.23,294,2,3,1,0.98,0.98,0.98,300,80,2,40,998,25425,13,0,25.13
306,30,6,0.987,0.0,0.0,0.5,0.0,0.0,296,0,4,0,0.97,0.99,0.98,300,80,2,40,998,25425,13,0,25.13
307,30,7,0.5,0.113,0.025,0.747,0.702,0.518,146,150,0,4,0.99,0.5,0.65,300,80,2,40,998,25425,13,0,25.13
308,30,8,0.987,0.0,0.0,0.5,0.0,0.0,296,0,4,0,0.97,0.99,0.98,300,80,2,40,998,25425,13,0,25.13
309,30,9,0.983,0.28,0.277,0.622,0.498,0.23,294,2,3,1,0.98,0.98,0.98,300,80,2,40,998,25425,13,0,25.13
310,31,0,0.987,0.0,0.0,0.5,0.0,0.0,296,0,4,0,0.97,0.99,0.98,300,80,2,40,998,25425,13,1,41.21
311,31,1,0.97,0.32,0.295,0.738,0.699,0.465,289,7,2,2,0.98,0.97,0.98,300,80,2,40,998,25425,13,1,41.21
312,31,2,0.983,0.28,0.277,0.622,0.498,0.23,294,2,3,1,0.98,0.98,0.98,300,80,2,40,998,25425,13,1,41.21
313,31,3,0.987,0.0,0.0,0.5,0.0,0.0,296,0,4,0,0.97,0.99,0.98,300,80,2,40,998,25425,13,1,41.21
314,31,4,0.987,0.0,0.0,0.5,0.0,0.0,296,0,4,0,0.97,0.99,0.98,300,80,2,40,998,25425,13,1,41.21
315,31,5,0.987,0.348,0.327,0.623,0.499,0.231,295,1,3,1,0.98,0.99,0.98,300,80,2,40,998,25425,13,1,41.21
316,31,6,0.987,0.0,0.0,0.5,0.0,0.0,296,0,4,0,0.97,0.99,0.98,300,80,2,40,998,25425,13,1,41.21
317,31,7,0.987,0.0,0.0,0.5,0.0,0.0,296,0,4,0,0.97,0.99,0.98,300,80,2,40,998,25425,13,1,41.21
318,31,8,0.987,0.493,0.493,0.747,0.705,0.472,294,2,2,2,0.99,0.99,0.99,300,80,2,40,998,25425,13,1,41.21
319,31,9,0.957,0.373,0.301,0.855,0.848,0.705,284,12,1,3,0.99,0.96,0.97,300,80,2,40,998,25425,13,1,41.21
320,32,0,0.987,0.0,0.0,0.5,0.0,0.0,296,0,4,0,0.97,0.99,0.98,300,80,2,40,998,25425,13,2,18.73
321,32,1,0.66,0.039,0.012,0.581,0.575,0.326,196,100,2,2,0.98,0.66,0.78,300,80,2,40,998,25425,13,2,18.73
322,32,2,0.61,0.032,0.009,0.432,0.392,0.148,182,114,3,1,0.97,0.61,0.75,300,80,2,40,998,25425,13,2,18.73
323,32,3,0.183,0.053,0.006,0.586,0.415,0.187,51,245,0,4,0.99,0.18,0.29,300,80,2,40,998,25425,13,2,18.73
324,32,4,0.333,0.08,0.013,0.662,0.569,0.346,96,200,0,4,0.99,0.33,0.48,300,80,2,40,998,25425,13,2,18.73
325,32,5,0.46,0.104,0.022,0.726,0.673,0.477,134,162,0,4,0.99,0.46,0.62,300,80,2,40,998,25425,13,2,18.73
326,32,6,0.283,0.071,0.01,0.637,0.523,0.294,81,215,0,4,0.99,0.28,0.42,300,80,2,40,998,25425,13,2,18.73
327,32,7,0.013,0.0,0.0,0.5,0.0,0.0,0,296,0,4,0.0,0.01,0.0,300,80,2,40,998,25425,13,2,18.73
328,32,8,0.46,0.009,0.002,0.48,0.479,0.231,136,160,2,2,0.97,0.46,0.62,300,80,2,40,998,25425,13,2,18.73
329,32,9,0.74,0.127,0.047,0.745,0.745,0.555,219,77,1,3,0.98,0.74,0.84,300,80,2,40,998,25425,13,2,18.73
330,33,0,0.9,0.063,0.04,0.579,0.477,0.212,269,27,3,1,0.98,0.9,0.94,300,80,2,80,998,25425,13,0,28.75
331,33,1,0.9,0.063,0.04,0.579,0.477,0.212,269,27,3,1,0.98,0.9,0.94,300,80,2,80,998,25425,13,0,28.75
332,33,2,0.987,0.0,0.0,0.5,0.0,0.0,296,0,4,0,0.97,0.99,0.98,300,80,2,80,998,25425,13,0,28.75
333,33,3,0.977,0.367,0.353,0.742,0.701,0.468,291,5,2,2,0.98,0.98,0.98,300,80,2,80,998,25425,13,0,28.75
334,33,4,0.987,0.0,0.0,0.5,0.0,0.0,296,0,4,0,0.97,0.99,0.98,300,80,2,80,998,25425,13,0,28.75
335,33,5,0.98,0.01,0.009,0.497,0.0,0.0,294,2,4,0,0.97,0.98,0.98,300,80,2,80,998,25425,13,0,28.75
336,33,6,0.977,0.212,0.211,0.618,0.497,0.228,292,4,3,1,0.98,0.98,0.98,300,80,2,80,998,25425,13,0,28.75
337,33,7,0.503,0.114,0.026,0.748,0.705,0.522,147,149,0,4,0.99,0.5,0.66,300,80,2,80,998,25425,13,0,28.75
338,33,8,0.99,0.497,0.397,0.625,0.5,0.231,296,0,3,1,0.99,0.99,0.99,300,80,2,80,998,25425,13,0,28.75
339,33,9,0.987,0.348,0.327,0.623,0.499,0.231,295,1,3,1,0.98,0.99,0.98,300,80,2,80,998,25425,13,0,28.75
340,34,0,0.987,0.0,0.0,0.5,0.0,0.0,296,0,4,0,0.97,0.99,0.98,300,80,2,80,998,25425,13,1,48.6
341,34,1,0.97,0.32,0.295,0.738,0.699,0.465,289,7,2,2,0.98,0.97,0.98,300,80,2,80,998,25425,13,1,48.6
342,34,2,0.987,0.348,0.327,0.623,0.499,0.231,295,1,3,1,0.98,0.99,0.98,300,80,2,80,998,25425,13,1,48.6
343,34,3,0.987,0.0,0.0,0.5,0.0,0.0,296,0,4,0,0.97,0.99,0.98,300,80,2,80,998,25425,13,1,48.6
344,34,4,0.987,0.0,0.0,0.5,0.0,0.0,296,0,4,0,0.97,0.99,0.98,300,80,2,80,998,25425,13,1,48.6
345,34,5,0.987,0.0,0.0,0.5,0.0,0.0,296,0,4,0,0.97,0.99,0.98,300,80,2,80,998,25425,13,1,48.6
346,34,6,0.987,0.0,0.0,0.5,0.0,0.0,296,0,4,0,0.97,0.99,0.98,300,80,2,80,998,25425,13,1,48.6
347,34,7,0.987,0.0,0.0,0.5,0.0,0.0,296,0,4,0,0.97,0.99,0.98,300,80,2,80,998,25425,13,1,48.6
348,34,8,0.99,0.572,0.566,0.748,0.706,0.474,295,1,2,2,0.99,0.99,0.99,300,80,2,80,998,25425,13,1,48.6
349,34,9,0.967,0.421,0.362,0.86,0.853,0.711,287,9,1,3,0.99,0.97,0.97,300,80,2,80,998,25425,13,1,48.6
350,35,0,0.987,0.0,0.0,0.5,0.0,0.0,296,0,4,0,0.97,0.99,0.98,300,80,2,80,998,25425,13,2,19.09
351,35,1,0.467,0.049,0.01,0.606,0.589,0.357,137,159,1,3,0.98,0.47,0.62,300,80,2,80,998,25425,13,2,19.09
352,35,2,0.453,0.046,0.01,0.6,0.581,0.347,133,163,1,3,0.98,0.45,0.61,300,80,2,80,998,25425,13,2,19.09
353,35,3,0.057,0.025,0.001,0.522,0.21,0.048,13,283,0,4,0.99,0.06,0.08,300,80,2,80,998,25425,13,2,19.09
354,35,4,0.243,0.064,0.008,0.617,0.483,0.251,69,227,0,4,0.99,0.24,0.37,300,80,2,80,998,25425,13,2,19.09
355,35,5,0.987,0.0,0.0,0.5,0.0,0.0,296,0,4,0,0.97,0.99,0.98,300,80,2,80,998,25425,13,2,19.09
356,35,6,0.28,0.07,0.01,0.635,0.52,0.29,80,216,0,4,0.99,0.28,0.42,300,80,2,80,998,25425,13,2,19.09
357,35,7,0.013,0.0,0.0,0.5,0.0,0.0,0,296,0,4,0.0,0.01,0.0,300,80,2,80,998,25425,13,2,19.09
358,35,8,0.397,0.025,0.005,0.448,0.445,0.2,117,179,2,2,0.97,0.4,0.56,300,80,2,80,998,25425,13,2,19.09
359,35,9,0.707,0.053,0.018,0.605,0.596,0.347,210,86,2,2,0.98,0.71,0.82,300,80,2,80,998,25425,13,2,19.09
360,36,0,0.873,0.047,0.027,0.566,0.47,0.207,261,35,3,1,0.98,0.87,0.92,300,0,2,80,998,24976,13,0,28.06
361,36,1,0.94,0.026,0.021,0.476,0.0,0.0,282,14,4,0,0.97,0.94,0.96,300,0,2,80,998,24976,13,0,28.06
362,36,2,0.803,0.089,0.04,0.654,0.635,0.391,239,57,2,2,0.98,0.8,0.88,300,0,2,80,998,24976,13,0,28.06
363,36,3,0.98,0.01,0.009,0.497,0.0,0.0,294,2,4,0,0.97,0.98,0.98,300,0,2,80,998,24976,13,0,28.06
364,36,4,0.973,0.014,0.014,0.493,0.0,0.0,292,4,4,0,0.97,0.97,0.97,300,0,2,80,998,24976,13,0,28.06
365,36,5,0.987,0.0,0.0,0.5,0.0,0.0,296,0,4,0,0.97,0.99,0.98,300,0,2,80,998,24976,13,0,28.06
366,36,6,0.963,0.018,0.017,0.488,0.0,0.0,289,7,4,0,0.97,0.96,0.97,300,0,2,80,998,24976,13,0,28.06
367,36,7,0.963,0.15,0.138,0.611,0.493,0.226,288,8,3,1,0.98,0.96,0.97,300,0,2,80,998,24976,13,0,28.06
368,36,8,0.987,0.0,0.0,0.5,0.0,0.0,296,0,4,0,0.97,0.99,0.98,300,0,2,80,998,24976,13,0,28.06
369,36,9,0.97,0.015,0.015,0.492,0.0,0.0,291,5,4,0,0.97,0.97,0.97,300,0,2,80,998,24976,13,0,28.06
370,37,0,0.79,0.15,0.063,0.77,0.77,0.591,234,62,1,3,0.98,0.79,0.87,300,0,2,80,998,24976,13,1,50.36
371,37,1,0.93,0.196,0.141,0.718,0.684,0.448,277,19,2,2,0.98,0.93,0.95,300,0,2,80,998,24976,13,1,50.36
372,37,2,0.907,0.252,0.157,0.829,0.826,0.671,269,27,1,3,0.98,0.91,0.94,300,0,2,80,998,24976,13,1,50.36
373,37,3,0.963,0.018,0.017,0.488,0.0,0.0,289,7,4,0,0.97,0.96,0.97,300,0,2,80,998,24976,13,1,50.36
374,37,4,0.953,0.125,0.107,0.606,0.491,0.224,285,11,3,1,0.98,0.95,0.96,300,0,2,80,998,24976,13,1,50.36
375,37,5,0.97,0.015,0.015,0.492,0.0,0.0,291,5,4,0,0.97,0.97,0.97,300,0,2,80,998,24976,13,1,50.36
376,37,6,0.95,0.118,0.099,0.605,0.49,0.223,284,12,3,1,0.98,0.95,0.96,300,0,2,80,998,24976,13,1,50.36
377,37,7,0.967,0.017,0.016,0.49,0.0,0.0,290,6,4,0,0.97,0.97,0.97,300,0,2,80,998,24976,13,1,50.36
378,37,8,0.95,0.118,0.099,0.605,0.49,0.223,284,12,3,1,0.98,0.95,0.96,300,0,2,80,998,24976,13,1,50.36
379,37,9,0.92,0.079,0.056,0.59,0.482,0.216,275,21,3,1,0.98,0.92,0.95,300,0,2,80,998,24976,13,1,50.36
380,38,0,0.14,0.04,0.004,0.441,0.314,0.105,39,257,1,3,0.96,0.14,0.23,300,0,2,80,998,24976,13,2,19.06
381,38,1,0.56,0.128,0.032,0.777,0.744,0.579,164,132,0,4,0.99,0.56,0.7,300,0,2,80,998,24976,13,2,19.06
382,38,2,0.28,0.18,0.027,0.142,0.0,0.0,84,212,4,0,0.94,0.28,0.43,300,0,2,80,998,24976,13,2,19.06
383,38,3,0.237,0.006,0.001,0.49,0.415,0.181,68,228,1,3,0.97,0.24,0.37,300,0,2,80,998,24976,13,2,19.06
384,38,4,0.327,0.079,0.012,0.659,0.564,0.339,94,202,0,4,0.99,0.33,0.48,300,0,2,80,998,24976,13,2,19.06
385,38,5,0.47,0.107,0.022,0.731,0.68,0.488,137,159,0,4,0.99,0.47,0.62,300,0,2,80,998,24976,13,2,19.06
386,38,6,0.32,0.077,0.012,0.655,0.558,0.332,92,204,0,4,0.99,0.32,0.47,300,0,2,80,998,24976,13,2,19.06
387,38,7,0.1,0.063,0.005,0.421,0.262,0.073,27,269,1,3,0.95,0.1,0.16,300,0,2,80,998,24976,13,2,19.06
388,38,8,0.453,0.046,0.01,0.6,0.581,0.347,133,163,1,3,0.98,0.45,0.61,300,0,2,80,998,24976,13,2,19.06
389,38,9,0.383,0.028,0.005,0.441,0.437,0.193,113,183,2,2,0.97,0.38,0.54,300,0,2,80,998,24976,13,2,19.06
390,39,0,0.743,0.128,0.048,0.747,0.747,0.558,220,76,1,3,0.98,0.74,0.84,300,0,0,40,998,222,13,0,21.99
391,39,1,0.853,0.116,0.06,0.679,0.655,0.414,254,42,2,2,0.98,0.85,0.91,300,0,0,40,998,222,13,0,21.99
392,39,2,0.56,0.128,0.032,0.777,0.744,0.579,164,132,0,4,0.99,0.56,0.7,300,0,0,40,998,222,13,0,21.99
393,39,3,0.98,0.01,0.009,0.497,0.0,0.0,294,2,4,0,0.97,0.98,0.98,300,0,0,40,998,222,13,0,21.99
394,39,4,0.983,0.007,0.005,0.498,0.0,0.0,295,1,4,0,0.97,0.98,0.98,300,0,0,40,998,222,13,0,21.99
395,39,5,0.99,0.497,0.397,0.625,0.5,0.231,296,0,3,1,0.99,0.99,0.99,300,0,0,40,998,222,13,0,21.99
396,39,6,0.97,0.015,0.015,0.492,0.0,0.0,291,5,4,0,0.97,0.97,0.97,300,0,0,40,998,222,13,0,21.99
397,39,7,0.963,0.15,0.138,0.611,0.493,0.226,288,8,3,1,0.98,0.96,0.97,300,0,0,40,998,222,13,0,21.99
398,39,8,0.987,0.0,0.0,0.5,0.0,0.0,296,0,4,0,0.97,0.99,0.98,300,0,0,40,998,222,13,0,21.99
399,39,9,0.973,0.191,0.187,0.617,0.496,0.228,291,5,3,1,0.98,0.97,0.98,300,0,0,40,998,222,13,0,21.99
400,40,0,0.627,0.146,0.042,0.811,0.788,0.645,184,112,0,4,0.99,0.63,0.76,300,0,0,40,998,222,13,1,42.17
401,40,1,0.877,0.214,0.118,0.814,0.812,0.65,260,36,1,3,0.98,0.88,0.92,300,0,0,40,998,222,13,1,42.17
402,40,2,0.803,0.158,0.069,0.777,0.777,0.6,238,58,1,3,0.98,0.8,0.88,300,0,0,40,998,222,13,1,42.17
403,40,3,0.987,0.348,0.327,0.623,0.499,0.231,295,1,3,1,0.98,0.99,0.98,300,0,0,40,998,222,13,1,42.17
404,40,4,0.98,0.01,0.009,0.497,0.0,0.0,294,2,4,0,0.97,0.98,0.98,300,0,0,40,998,222,13,1,42.17
405,40,5,0.973,0.342,0.321,0.74,0.7,0.466,290,6,2,2,0.98,0.97,0.98,300,0,0,40,998,222,13,1,42.17
406,40,6,0.99,0.572,0.566,0.748,0.706,0.474,295,1,2,2,0.99,0.99,0.99,300,0,0,40,998,222,13,1,42.17
407,40,7,0.987,0.0,0.0,0.5,0.0,0.0,296,0,4,0,0.97,0.99,0.98,300,0,0,40,998,222,13,1,42.17
408,40,8,0.96,0.273,0.235,0.733,0.695,0.461,286,10,2,2,0.98,0.96,0.97,300,0,0,40,998,222,13,1,42.17
409,40,9,0.93,0.089,0.066,0.595,0.485,0.219,278,18,3,1,0.98,0.93,0.95,300,0,0,40,998,222,13,1,42.17
410,41,0,0.533,0.121,0.029,0.764,0.726,0.552,156,140,0,4,0.99,0.53,0.68,300,0,0,40,998,222,13,2,14.17
411,41,1,0.767,0.139,0.055,0.758,0.758,0.574,227,69,1,3,0.98,0.77,0.86,300,0,0,40,998,222,13,2,14.17
412,41,2,0.57,0.13,0.033,0.782,0.751,0.589,167,129,0,4,0.99,0.57,0.71,300,0,0,40,998,222,13,2,14.17
413,41,3,0.467,0.106,0.022,0.73,0.678,0.484,136,160,0,4,0.99,0.47,0.62,300,0,0,40,998,222,13,2,14.17
414,41,4,0.517,0.117,0.027,0.755,0.714,0.535,151,145,0,4,0.99,0.52,0.67,300,0,0,40,998,222,13,2,14.17
415,41,5,0.807,0.019,0.009,0.532,0.451,0.192,241,55,3,1,0.97,0.81,0.88,300,0,0,40,998,222,13,2,14.17
416,41,6,0.427,0.098,0.019,0.709,0.647,0.443,124,172,0,4,0.99,0.43,0.58,300,0,0,40,998,222,13,2,14.17
417,41,7,0.577,0.075,0.02,0.662,0.656,0.438,170,126,1,3,0.98,0.58,0.72,300,0,0,40,998,222,13,2,14.17
418,41,8,0.63,0.147,0.043,0.812,0.791,0.648,185,111,0,4,0.99,0.63,0.76,300,0,0,40,998,222,13,2,14.17
419,41,9,0.763,0.006,0.002,0.51,0.439,0.183,228,68,3,1,0.97,0.76,0.85,300,0,0,40,998,222,13,2,14.17
420,42,0,0.71,0.176,0.06,0.853,0.84,0.727,209,87,0,4,0.99,0.71,0.82,300,0,0,80,998,222,13,0,23.04
421,42,1,0.793,0.084,0.036,0.649,0.631,0.387,236,60,2,2,0.98,0.79,0.87,300,0,0,80,998,222,13,0,23.04
422,42,2,0.93,0.028,0.022,0.471,0.0,0.0,279,17,4,0,0.97,0.93,0.95,300,0,0,80,998,222,13,0,23.04
423,42,3,0.983,0.007,0.005,0.498,0.0,0.0,295,1,4,0,0.97,0.98,0.98,300,0,0,80,998,222,13,0,23.04
424,42,4,0.987,0.0,0.0,0.5,0.0,0.0,296,0,4,0,0.97,0.99,0.98,300,0,0,80,998,222,13,0,23.04
425,42,5,0.983,0.007,0.005,0.498,0.0,0.0,295,1,4,0,0.97,0.98,0.98,300,0,0,80,998,222,13,0,23.04
426,42,6,0.963,0.018,0.017,0.488,0.0,0.0,289,7,4,0,0.97,0.96,0.97,300,0,0,80,998,222,13,0,23.04
427,42,7,0.447,0.102,0.02,0.72,0.663,0.464,130,166,0,4,0.99,0.45,0.6,300,0,0,80,998,222,13,0,23.04
428,42,8,0.987,0.0,0.0,0.5,0.0,0.0,296,0,4,0,0.97,0.99,0.98,300,0,0,80,998,222,13,0,23.04
429,42,9,0.987,0.0,0.0,0.5,0.0,0.0,296,0,4,0,0.97,0.99,0.98,300,0,0,80,998,222,13,0,23.04
430,43,0,0.663,0.158,0.049,0.829,0.812,0.681,195,101,0,4,0.99,0.66,0.78,300,0,0,80,998,222,13,1,48.9
431,43,1,0.97,0.32,0.295,0.738,0.699,0.465,289,7,2,2,0.98,0.97,0.98,300,0,0,80,998,222,13,1,48.9
432,43,2,0.95,0.118,0.099,0.605,0.49,0.223,284,12,3,1,0.98,0.95,0.96,300,0,0,80,998,222,13,1,48.9
433,43,3,0.99,0.497,0.397,0.625,0.5,0.231,296,0,3,1,0.99,0.99,0.99,300,0,0,80,998,222,13,1,48.9
434,43,4,0.987,0.0,0.0,0.5,0.0,0.0,296,0,4,0,0.97,0.99,0.98,300,0,0,80,998,222,13,1,48.9
435,43,5,0.987,0.493,0.493,0.747,0.705,0.472,294,2,2,2,0.99,0.99,0.99,300,0,0,80,998,222,13,1,48.9
436,43,6,0.987,0.0,0.0,0.5,0.0,0.0,296,0,4,0,0.97,0.99,0.98,300,0,0,80,998,222,13,1,48.9
437,43,7,0.983,0.007,0.005,0.498,0.0,0.0,295,1,4,0,0.97,0.98,0.98,300,0,0,80,998,222,13,1,48.9
438,43,8,0.983,0.28,0.277,0.622,0.498,0.23,294,2,3,1,0.98,0.98,0.98,300,0,0,80,998,222,13,1,48.9
439,43,9,0.94,0.102,0.08,0.6,0.487,0.221,281,15,3,1,0.98,0.94,0.96,300,0,0,80,998,222,13,1,48.9
440,44,0,0.503,0.114,0.026,0.748,0.705,0.522,147,149,0,4,0.99,0.5,0.66,300,0,0,80,998,222,13,2,15.24
441,44,1,0.753,0.068,0.027,0.628,0.615,0.369,224,72,2,2,0.98,0.75,0.85,300,0,0,80,998,222,13,2,15.24
442,44,2,0.647,0.083,0.026,0.328,0.0,0.0,194,102,4,0,0.97,0.65,0.77,300,0,0,80,998,222,13,2,15.24
443,44,3,0.447,0.102,0.02,0.72,0.663,0.464,130,166,0,4,0.99,0.45,0.6,300,0,0,80,998,222,13,2,15.24
444,44,4,0.54,0.123,0.03,0.767,0.731,0.559,158,138,0,4,0.99,0.54,0.69,300,0,0,80,998,222,13,2,15.24
445,44,5,0.717,0.118,0.041,0.733,0.733,0.539,212,84,1,3,0.98,0.72,0.82,300,0,0,80,998,222,13,2,15.24
446,44,6,0.563,0.129,0.032,0.779,0.747,0.582,165,131,0,4,0.99,0.56,0.71,300,0,0,80,998,222,13,2,15.24
447,44,7,0.843,0.11,0.055,0.674,0.651,0.409,251,45,2,2,0.98,0.84,0.9,300,0,0,80,998,222,13,2,15.24
448,44,8,0.83,0.102,0.049,0.667,0.646,0.403,247,49,2,2,0.98,0.83,0.9,300,0,0,80,998,222,13,2,15.24
449,44,9,0.88,0.05,0.029,0.569,0.471,0.208,263,33,3,1,0.98,0.88,0.92,300,0,0,80,998,222,13,2,15.24
450,45,0,0.743,0.128,0.048,0.747,0.747,0.558,220,76,1,3,0.98,0.74,0.84,300,0,0,40,998,220,13,0,21.62
451,45,1,0.853,0.116,0.06,0.679,0.655,0.414,254,42,2,2,0.98,0.85,0.91,300,0,0,40,998,220,13,0,21.62
452,45,2,0.88,0.05,0.029,0.569,0.471,0.208,263,33,3,1,0.98,0.88,0.92,300,0,0,40,998,220,13,0,21.62
453,45,3,0.977,0.012,0.012,0.495,0.0,0.0,293,3,4,0,0.97,0.98,0.98,300,0,0,40,998,220,13,0,21.62
454,45,4,0.987,0.0,0.0,0.5,0.0,0.0,296,0,4,0,0.97,0.99,0.98,300,0,0,40,998,220,13,0,21.62
455,45,5,0.983,0.28,0.277,0.622,0.498,0.23,294,2,3,1,0.98,0.98,0.98,300,0,0,40,998,220,13,0,21.62
456,45,6,0.983,0.007,0.005,0.498,0.0,0.0,295,1,4,0,0.97,0.98,0.98,300,0,0,40,998,220,13,0,21.62
457,45,7,0.963,0.15,0.138,0.611,0.493,0.226,288,8,3,1,0.98,0.96,0.97,300,0,0,40,998,220,13,0,21.62
458,45,8,0.98,0.01,0.009,0.497,0.0,0.0,294,2,4,0,0.97,0.98,0.98,300,0,0,40,998,220,13,0,21.62
459,45,9,0.973,0.191,0.187,0.617,0.496,0.228,291,5,3,1,0.98,0.97,0.98,300,0,0,40,998,220,13,0,21.62
460,46,0,0.633,0.148,0.043,0.814,0.793,0.652,186,110,0,4,0.99,0.63,0.76,300,0,0,40,998,220,13,1,40.32
461,46,1,0.84,0.182,0.089,0.796,0.794,0.625,249,47,1,3,0.98,0.84,0.9,300,0,0,40,998,220,13,1,40.32
462,46,2,0.69,0.108,0.036,0.72,0.719,0.52,204,92,1,3,0.98,0.69,0.8,300,0,0,40,998,220,13,1,40.32
463,46,3,0.987,0.0,0.0,0.5,0.0,0.0,296,0,4,0,0.97,0.99,0.98,300,0,0,40,998,220,13,1,40.32
464,46,4,0.987,0.0,0.0,0.5,0.0,0.0,296,0,4,0,0.97,0.99,0.98,300,0,0,40,998,220,13,1,40.32
465,46,5,0.973,0.014,0.014,0.493,0.0,0.0,292,4,4,0,0.97,0.97,0.97,300,0,0,40,998,220,13,1,40.32
466,46,6,0.98,0.01,0.009,0.497,0.0,0.0,294,2,4,0,0.97,0.98,0.98,300,0,0,40,998,220,13,1,40.32
467,46,7,0.987,0.0,0.0,0.5,0.0,0.0,296,0,4,0,0.97,0.99,0.98,300,0,0,40,998,220,13,1,40.32
468,46,8,0.96,0.273,0.235,0.733,0.695,0.461,286,10,2,2,0.98,0.96,0.97,300,0,0,40,998,220,13,1,40.32
469,46,9,0.93,0.196,0.141,0.718,0.684,0.448,277,19,2,2,0.98,0.93,0.95,300,0,0,40,998,220,13,1,40.32
470,47,0,0.363,0.085,0.014,0.677,0.596,0.378,105,191,0,4,0.99,0.36,0.52,300,0,0,40,998,220,13,2,14.2
471,47,1,0.74,0.064,0.024,0.622,0.61,0.363,220,76,2,2,0.98,0.74,0.84,300,0,0,40,998,220,13,2,14.2
472,47,2,0.653,0.155,0.047,0.824,0.805,0.671,192,104,0,4,0.99,0.65,0.78,300,0,0,40,998,220,13,2,14.2
473,47,3,0.587,0.135,0.036,0.791,0.762,0.605,172,124,0,4,0.99,0.59,0.73,300,0,0,40,998,220,13,2,14.2
474,47,4,0.54,0.123,0.03,0.767,0.731,0.559,158,138,0,4,0.99,0.54,0.69,300,0,0,40,998,220,13,2,14.2
475,47,5,0.783,0.08,0.034,0.644,0.627,0.382,233,63,2,2,0.98,0.78,0.87,300,0,0,40,998,220,13,2,14.2
476,47,6,0.543,0.123,0.03,0.769,0.733,0.562,159,137,0,4,0.99,0.54,0.69,300,0,0,40,998,220,13,2,14.2
477,47,7,0.843,0.033,0.017,0.551,0.461,0.2,252,44,3,1,0.98,0.84,0.9,300,0,0,40,998,220,13,2,14.2
478,47,8,0.81,0.23,0.101,0.904,0.899,0.823,239,57,0,4,0.99,0.81,0.88,300,0,0,40,998,220,13,2,14.2
479,47,9,0.803,0.089,0.04,0.654,0.635,0.391,239,57,2,2,0.98,0.8,0.88,300,0,0,40,998,220,13,2,14.2
480,48,0,0.71,0.176,0.06,0.853,0.84,0.727,209,87,0,4,0.99,0.71,0.82,300,0,0,80,998,220,13,0,22.88
481,48,1,0.933,0.028,0.022,0.473,0.0,0.0,280,16,4,0,0.97,0.93,0.95,300,0,0,80,998,220,13,0,22.88
482,48,2,0.953,0.022,0.019,0.483,0.0,0.0,286,10,4,0,0.97,0.95,0.96,300,0,0,80,998,220,13,0,22.88
483,48,3,0.95,0.023,0.02,0.481,0.0,0.0,285,11,4,0,0.97,0.95,0.96,300,0,0,80,998,220,13,0,22.88
484,48,4,0.987,0.0,0.0,0.5,0.0,0.0,296,0,4,0,0.97,0.99,0.98,300,0,0,80,998,220,13,0,22.88
485,48,5,0.99,0.497,0.397,0.625,0.5,0.231,296,0,3,1,0.99,0.99,0.99,300,0,0,80,998,220,13,0,22.88
486,48,6,0.977,0.012,0.012,0.495,0.0,0.0,293,3,4,0,0.97,0.98,0.98,300,0,0,80,998,220,13,0,22.88
487,48,7,0.443,0.101,0.02,0.718,0.66,0.46,129,167,0,4,0.99,0.44,0.6,300,0,0,80,998,220,13,0,22.88
488,48,8,0.987,0.0,0.0,0.5,0.0,0.0,296,0,4,0,0.97,0.99,0.98,300,0,0,80,998,220,13,0,22.88
489,48,9,0.987,0.0,0.0,0.5,0.0,0.0,296,0,4,0,0.97,0.99,0.98,300,0,0,80,998,220,13,0,22.88
490,49,0,0.673,0.162,0.051,0.834,0.818,0.691,198,98,0,4,0.99,0.67,0.79,300,0,0,80,998,220,13,1,46.99
491,49,1,0.967,0.302,0.272,0.736,0.697,0.463,288,8,2,2,0.98,0.97,0.97,300,0,0,80,998,220,13,1,46.99
492,49,2,0.983,0.439,0.436,0.745,0.704,0.471,293,3,2,2,0.99,0.98,0.98,300,0,0,80,998,220,13,1,46.99
493,49,3,0.98,0.01,0.009,0.497,0.0,0.0,294,2,4,0,0.97,0.98,0.98,300,0,0,80,998,220,13,1,46.99
494,49,4,0.987,0.0,0.0,0.5,0.0,0.0,296,0,4,0,0.97,0.99,0.98,300,0,0,80,998,220,13,1,46.99
495,49,5,0.977,0.212,0.211,0.618,0.497,0.228,292,4,3,1,0.98,0.98,0.98,300,0,0,80,998,220,13,1,46.99
496,49,6,0.98,0.01,0.009,0.497,0.0,0.0,294,2,4,0,0.97,0.98,0.98,300,0,0,80,998,220,13,1,46.99
497,49,7,0.983,0.007,0.005,0.498,0.0,0.0,295,1,4,0,0.97,0.98,0.98,300,0,0,80,998,220,13,1,46.99
498,49,8,0.993,0.705,0.664,0.75,0.707,0.475,296,0,2,2,0.99,0.99,0.99,300,0,0,80,998,220,13,1,46.99
499,49,9,0.937,0.097,0.075,0.598,0.486,0.22,280,16,3,1,0.98,0.94,0.96,300,0,0,80,998,220,13,1,46.99
500,50,0,0.493,0.112,0.025,0.743,0.697,0.511,144,152,0,4,0.99,0.49,0.65,300,0,0,80,998,220,13,2,15.07
501,50,1,0.63,0.147,0.043,0.812,0.791,0.648,185,111,0,4,0.99,0.63,0.76,300,0,0,80,998,220,13,2,15.07
502,50,2,0.517,0.109,0.027,0.262,0.0,0.0,155,141,4,0,0.96,0.52,0.67,300,0,0,80,998,220,13,2,15.07
503,50,3,0.477,0.108,0.023,0.735,0.685,0.495,139,157,0,4,0.99,0.48,0.63,300,0,0,80,998,220,13,2,15.07
504,50,4,0.623,0.088,0.025,0.686,0.683,0.472,184,112,1,3,0.98,0.62,0.76,300,0,0,80,998,220,13,2,15.07
505,50,5,0.827,0.026,0.013,0.542,0.457,0.196,247,49,3,1,0.98,0.83,0.89,300,0,0,80,998,220,13,2,15.07
506,50,6,0.447,0.102,0.02,0.72,0.663,0.464,130,166,0,4,0.99,0.45,0.6,300,0,0,80,998,220,13,2,15.07
507,50,7,0.863,0.123,0.066,0.684,0.659,0.418,257,39,2,2,0.98,0.86,0.91,300,0,0,80,998,220,13,2,15.07
508,50,8,0.563,0.072,0.018,0.655,0.649,0.429,166,130,1,3,0.98,0.56,0.71,300,0,0,80,998,220,13,2,15.07
509,50,9,0.87,0.045,0.025,0.564,0.469,0.206,260,36,3,1,0.98,0.87,0.92,300,0,0,80,998,220,13,2,15.07
